﻿<?xml version="1.0" encoding="utf-8"?>
<rules>
  <actors>
    <actor>
      <id>2</id>
      <type>Level</type>
      <label>Level</label>
      <prefab>MountainLevel</prefab>
    </actor>
    <actor>
      <id>3</id>
      <type>NPC</type>
      <label>NPC</label>
      <prefab>Dinosaur</prefab>
      <param name="Tag">
        <type>String</type>
        <value>NPC</value>
      </param>
      <param name="UseGravity">
        <type>Boolean</type>
        <value>True</value>
      </param>
    </actor>
    <actor>
      <id>4</id>
      <type>Counter</type>
      <label>Health</label>
      <prefab></prefab>
      <param name="StartValue">
        <type>Int32</type>
        <value>50</value>
      </param>
      <param name="MinValue">
        <type>Int32</type>
        <value>0</value>
      </param>
      <param name="MaxValue">
        <type>Int32</type>
        <value>100</value>
      </param>
      <param name="ShowInGame">
        <type>Boolean</type>
        <value>True</value>
      </param>
    </actor>
    <actor>
      <id>1</id>
      <type>PlayerCamera</type>
      <label>Player1Camera</label>
      <prefab>PlayerCamera</prefab>
      <param name="ViewportWidth">
        <type>Single</type>
        <value>1</value>
      </param>
      <param name="ViewportXPos">
        <type>Single</type>
        <value>0</value>
      </param>
    </actor>
    <actor>
      <id>5</id>
      <type>Player</type>
      <label>Player2</label>
      <prefab>Bear Brown</prefab>
      <param name="HorizontalMaxSpeed">
        <type>Single</type>
        <value>10</value>
      </param>
      <param name="VerticalMaxSpeed">
        <type>Single</type>
        <value>10</value>
      </param>
      <param name="Gravity">
        <type>Single</type>
        <value>3</value>
      </param>
    </actor>
    <actor>
      <id>0</id>
      <type>Player</type>
      <label>Player1</label>
      <prefab>Duck</prefab>
      <param name="HorizontalMaxSpeed">
        <type>Single</type>
        <value>10</value>
      </param>
      <param name="VerticalMaxSpeed">
        <type>Single</type>
        <value>10</value>
      </param>
      <param name="Gravity">
        <type>Single</type>
        <value>3</value>
      </param>
    </actor>
    <actor>
      <id>6</id>
      <type>PlayerCamera</type>
      <label>Player2Camera</label>
      <prefab></prefab>
    </actor>
  </actors>
  <events>
    <event>
      <id>9</id>
      <type>CollisionEvent</type>
      <label>CollisionEvent</label>
      <actorId>3</actorId>
      <param name="CollideWithTag">
        <type>String</type>
        <value>Player</value>
      </param>
      <param name="TriggerOn">
        <type>CollisionPhase</type>
        <value>0</value>
      </param>
    </event>
    <event>
      <id>5</id>
      <type>ObjectMovedEvent</type>
      <label>ObjectMovedEvent</label>
      <actorId>0</actorId>
    </event>
    <event>
      <id>3</id>
      <type>KeyboardInput</type>
      <label>KeyboardInput</label>
      <actorId>0</actorId>
      <param name="InputKey">
        <type>KeyCode</type>
        <value>100</value>
      </param>
    </event>
    <event>
      <id>2</id>
      <type>KeyboardInput</type>
      <label>KeyboardInput</label>
      <actorId>0</actorId>
      <param name="InputKey">
        <type>KeyCode</type>
        <value>115</value>
      </param>
    </event>
    <event>
      <id>1</id>
      <type>KeyboardInput</type>
      <label>KeyboardInput</label>
      <actorId>0</actorId>
      <param name="InputKey">
        <type>KeyCode</type>
        <value>119</value>
      </param>
    </event>
    <event>
      <id>0</id>
      <type>KeyboardInput</type>
      <label>KeyboardInput</label>
      <actorId>0</actorId>
      <param name="InputKey">
        <type>KeyCode</type>
        <value>97</value>
      </param>
    </event>
    <event>
      <id>7</id>
      <type>KeyboardInput</type>
      <label>KeyboardInput</label>
      <actorId>0</actorId>
      <param name="InputKey">
        <type>KeyCode</type>
        <value>273</value>
      </param>
    </event>
    <event>
      <id>8</id>
      <type>KeyboardInput</type>
      <label>KeyboardInput</label>
      <actorId>0</actorId>
      <param name="InputKey">
        <type>KeyCode</type>
        <value>274</value>
      </param>
    </event>
  </events>
  <reactions>
    <reaction>
      <id>8</id>
      <type>MoveObject</type>
      <label>MoveObject</label>
      <actorId>0</actorId>
      <listenedEventId>9</listenedEventId>
      <param name="RotateWithMovement">
        <type>Boolean</type>
        <value>False</value>
      </param>
      <param name="RotationSpeed">
        <type>Single</type>
        <value>0</value>
      </param>
      <param name="DirectionRelativeTo">
        <type>RelativeTo</type>
        <value>0</value>
      </param>
      <param name="MoveDirection">
        <type>Direction</type>
        <value>4</value>
      </param>
      <param name="MoveSpeed">
        <type>Single</type>
        <value>30</value>
      </param>
    </reaction>
    <reaction>
      <id>4</id>
      <type>FollowObject</type>
      <label>FollowObject</label>
      <actorId>1</actorId>
      <listenedEventId>5</listenedEventId>
      <param name="Offset">
        <type>Vector3</type>
        <value>0 2 -5</value>
      </param>
      <param name="FollowSpeed">
        <type>Single</type>
        <value>5</value>
      </param>
      <param name="StayBehindObject">
        <type>Boolean</type>
        <value>True</value>
      </param>
    </reaction>
    <reaction>
      <id>3</id>
      <type>MoveObject</type>
      <label>MoveObject</label>
      <actorId>0</actorId>
      <listenedEventId>3</listenedEventId>
      <param name="RotateWithMovement">
        <type>Boolean</type>
        <value>True</value>
      </param>
      <param name="RotationSpeed">
        <type>Single</type>
        <value>5</value>
      </param>
      <param name="DirectionRelativeTo">
        <type>RelativeTo</type>
        <value>2</value>
      </param>
      <param name="MoveDirection">
        <type>Direction</type>
        <value>3</value>
      </param>
      <param name="MoveSpeed">
        <type>Single</type>
        <value>20</value>
      </param>
    </reaction>
    <reaction>
      <id>2</id>
      <type>MoveObject</type>
      <label>MoveObject</label>
      <actorId>0</actorId>
      <listenedEventId>2</listenedEventId>
      <param name="RotateWithMovement">
        <type>Boolean</type>
        <value>True</value>
      </param>
      <param name="RotationSpeed">
        <type>Single</type>
        <value>5</value>
      </param>
      <param name="DirectionRelativeTo">
        <type>RelativeTo</type>
        <value>2</value>
      </param>
      <param name="MoveDirection">
        <type>Direction</type>
        <value>1</value>
      </param>
      <param name="MoveSpeed">
        <type>Single</type>
        <value>20</value>
      </param>
    </reaction>
    <reaction>
      <id>1</id>
      <type>MoveObject</type>
      <label>MoveObject</label>
      <actorId>0</actorId>
      <listenedEventId>1</listenedEventId>
      <param name="RotateWithMovement">
        <type>Boolean</type>
        <value>True</value>
      </param>
      <param name="RotationSpeed">
        <type>Single</type>
        <value>5</value>
      </param>
      <param name="ActorDirectionIsRelativeTo">
        <type>Actor</type>
        <value>Level (Level)</value>
      </param>
      <param name="DirectionRelativeTo">
        <type>RelativeTo</type>
        <value>2</value>
      </param>
      <param name="MoveDirection">
        <type>Direction</type>
        <value>0</value>
      </param>
      <param name="MoveSpeed">
        <type>Single</type>
        <value>20</value>
      </param>
    </reaction>
    <reaction>
      <id>0</id>
      <type>MoveObject</type>
      <label>MoveObject</label>
      <actorId>0</actorId>
      <listenedEventId>0</listenedEventId>
      <param name="RotateWithMovement">
        <type>Boolean</type>
        <value>True</value>
      </param>
      <param name="RotationSpeed">
        <type>Single</type>
        <value>5</value>
      </param>
      <param name="DirectionRelativeTo">
        <type>RelativeTo</type>
        <value>2</value>
      </param>
      <param name="MoveDirection">
        <type>Direction</type>
        <value>2</value>
      </param>
      <param name="MoveSpeed">
        <type>Single</type>
        <value>20</value>
      </param>
    </reaction>
    <reaction>
      <id>6</id>
      <type>MoveObject</type>
      <label>MoveObject</label>
      <actorId>0</actorId>
      <listenedEventId>8</listenedEventId>
      <param name="RotateWithMovement">
        <type>Boolean</type>
        <value>False</value>
      </param>
      <param name="RotationSpeed">
        <type>Single</type>
        <value>5</value>
      </param>
      <param name="DirectionRelativeTo">
        <type>RelativeTo</type>
        <value>0</value>
      </param>
      <param name="MoveDirection">
        <type>Direction</type>
        <value>5</value>
      </param>
      <param name="MoveSpeed">
        <type>Single</type>
        <value>25</value>
      </param>
    </reaction>
    <reaction>
      <id>18</id>
      <type>ChangeCounter</type>
      <label>ChangeCounter</label>
      <actorId>0</actorId>
      <listenedEventId>8</listenedEventId>
      <param name="CounterName">
        <type>String</type>
        <value>Health</value>
      </param>
      <param name="ChangeBy">
        <type>Int32</type>
        <value>1</value>
      </param>
      <param name="KindOfChange">
        <type>ChangeCounter+Change</type>
        <value>0</value>
      </param>
      <param name="PerSeconds">
        <type>Int32</type>
        <value>1</value>
      </param>
    </reaction>
    <reaction>
      <id>20</id>
      <type>SpawnObject</type>
      <label>SpawnObject</label>
      <actorId>0</actorId>
      <listenedEventId>7</listenedEventId>
      <param name="SpawnedPrefabs">
        <type>System.Collections.Generic.List`1[System.String]</type>
        <value>Banana Cherry</value>
      </param>
      <param name="Direction">
        <type>Vector3</type>
        <value>0 0.5 1</value>
      </param>
      <param name="Distance">
        <type>Single</type>
        <value>3</value>
      </param>
      <param name="StartVelocity">
        <type>Vector3</type>
        <value>0 0 0</value>
      </param>
    </reaction>
    <reaction>
      <id>21</id>
      <type>SpawnObject</type>
      <label>SpawnObject</label>
      <actorId>0</actorId>
      <listenedEventId>8</listenedEventId>
      <param name="SpawnedPrefabs">
        <type>System.Collections.Generic.List`1[System.String]</type>
        <value>DarkFighter</value>
      </param>
      <param name="Direction">
        <type>Vector3</type>
        <value>0 0 0</value>
      </param>
      <param name="Distance">
        <type>Single</type>
        <value>0</value>
      </param>
      <param name="StartVelocity">
        <type>Vector3</type>
        <value>0 0 0</value>
      </param>
    </reaction>
  </reactions>
</rules>